/*
SQLyog Ultimate v11.11 (64 bit)
MySQL - 5.5.11 : Database - starter_project
*********************************************************************
*/

/*!40101 SET NAMES utf8 */;

/*!40101 SET SQL_MODE=''*/;

/*!40014 SET @OLD_UNIQUE_CHECKS=@@UNIQUE_CHECKS, UNIQUE_CHECKS=0 */;
/*!40014 SET @OLD_FOREIGN_KEY_CHECKS=@@FOREIGN_KEY_CHECKS, FOREIGN_KEY_CHECKS=0 */;
/*!40101 SET @OLD_SQL_MODE=@@SQL_MODE, SQL_MODE='NO_AUTO_VALUE_ON_ZERO' */;
/*!40111 SET @OLD_SQL_NOTES=@@SQL_NOTES, SQL_NOTES=0 */;
CREATE DATABASE /*!32312 IF NOT EXISTS*/`starter_project` /*!40100 DEFAULT CHARACTER SET latin1 */;

USE `starter_project`;

/*Table structure for table `city` */

DROP TABLE IF EXISTS `city`;

CREATE TABLE `city` (
  `city_id` int(11) NOT NULL AUTO_INCREMENT COMMENT 'Unique',
  `city` varchar(64) CHARACTER SET latin1 DEFAULT NULL,
  `state_id` int(11) DEFAULT NULL,
  `country_id` int(11) DEFAULT NULL,
  `city_area_code` varchar(16) CHARACTER SET latin1 DEFAULT NULL COMMENT 'Area / STD Code',
  `time_zone` varchar(64) CHARACTER SET latin1 DEFAULT NULL COMMENT 'Name of the time zone',
  `diff_with_IST` float DEFAULT NULL,
  PRIMARY KEY (`city_id`),
  KEY `city_id` (`city_id`)
) ENGINE=InnoDB AUTO_INCREMENT=4 DEFAULT CHARSET=utf8;

/*Data for the table `city` */

insert  into `city`(`city_id`,`city`,`state_id`,`country_id`,`city_area_code`,`time_zone`,`diff_with_IST`) values (1,'Ottapallam',1,1,NULL,'Asia\\Kolkata',NULL),(2,'Kolkata',1,1,'33','Asia\\Kolkata',NULL),(3,'Mumbai',1,1,'22','Asia\\Kolkata',NULL);

/*Table structure for table `commercial_invoice` */

DROP TABLE IF EXISTS `commercial_invoice`;

CREATE TABLE `commercial_invoice` (
  `commercial_invoice_id` int(11) NOT NULL AUTO_INCREMENT COMMENT 'Unique:',
  `commercial_invoice_number` varchar(32) DEFAULT NULL COMMENT 'Alpha numeric code for Invoice : Unique: Generated by system e.g. TCS/PRF/75',
  `commercial_invoice_date` datetime DEFAULT NULL COMMENT 'date & time of creation of the invoice : Date is',
  `clinic` text COMMENT 'Name of the exporter with Address : so that even on change of address, original name is retained',
  `patient_id` int(11) DEFAULT NULL COMMENT 'Customer for which the invoice is being generated for',
  `patient_address` text COMMENT 'Name of the patient with Address : so that even on change of address, original name is retained',
  `sub_total_amount` double DEFAULT NULL COMMENT 'sub total of all the products amounts',
  `total_discount` float DEFAULT NULL COMMENT 'Total discount given to the customer in this invoice',
  `add_other_charges` float DEFAULT NULL COMMENT 'Any other charges that needs to be levied',
  `cgst` float unsigned DEFAULT NULL COMMENT 'For use in India',
  `sgst` float DEFAULT NULL,
  `igst` float DEFAULT NULL,
  `total_gst` float DEFAULT NULL COMMENT 'Total Tax amount paid in this invoice',
  `shipping_charges` float DEFAULT NULL COMMENT 'Final value of invoice',
  `total_amount` float DEFAULT NULL,
  `quantity_in_kgs` float DEFAULT NULL,
  `courier_company_id` int(11) DEFAULT NULL COMMENT 'Courier company that will ship the package',
  `tracking_number` tinytext COMMENT 'Tracking no of the package',
  `shipped_date` datetime DEFAULT NULL COMMENT 'Date of shipping',
  `expected_delivery_date` datetime DEFAULT NULL COMMENT 'Date when it is supposed to reach by',
  `actual_received_date` datetime DEFAULT NULL COMMENT 'Date when the customer actually received the goods',
  `organization_id` int(11) DEFAULT NULL COMMENT 'Organization to which this invoice has been generated for',
  `prescription_id` int(11) DEFAULT NULL,
  `sys_user_id` int(11) DEFAULT NULL COMMENT 'Invoice was created by this user',
  `status_lookup_id` int(11) DEFAULT NULL COMMENT 'Current status : COMPLETED',
  `file_path` text,
  `extra_data` text COMMENT 'Any data that is not mentioned above and needs to be stored in this table. later we can keep a separate placeholder for it',
  PRIMARY KEY (`commercial_invoice_id`)
) ENGINE=InnoDB AUTO_INCREMENT=51 DEFAULT CHARSET=latin1;

/*Data for the table `commercial_invoice` */

insert  into `commercial_invoice`(`commercial_invoice_id`,`commercial_invoice_number`,`commercial_invoice_date`,`clinic`,`patient_id`,`patient_address`,`sub_total_amount`,`total_discount`,`add_other_charges`,`cgst`,`sgst`,`igst`,`total_gst`,`shipping_charges`,`total_amount`,`quantity_in_kgs`,`courier_company_id`,`tracking_number`,`shipped_date`,`expected_delivery_date`,`actual_received_date`,`organization_id`,`prescription_id`,`sys_user_id`,`status_lookup_id`,`file_path`,`extra_data`) values (41,'VH/INV/2018-2019/12','2019-06-07 20:30:00','Address of the clinic will be passed',3,'Address not known as patient is unknown.',0,0,0,0,0,0,5.51,0,110.18,1,NULL,NULL,NULL,NULL,NULL,1,0,1,53,'http://localhost:8080/JeevaData/VH/VH_INV_2018_2019_12.pdf',''),(43,'VH/INV/2018-2019/14','2019-06-12 21:36:00','Address of the clinic will be passed',1,'VLS PG,2nd Cross, Kaggadsapura Main Road,CV Raman Nagar,Bangalore - 93',0,0,0,0,0,0,49.49,0,989.64,9,0,'TRCK123','2019-06-12 05:30:00','2019-06-12 05:30:00',NULL,1,7,1,53,'http://localhost:8080/JeevaData/VH/VH_INV_2018_2019_14.pdf',''),(44,'VH/INV/2018-2019/15','2019-06-12 21:33:00','Address of the clinic will be passed',1,'VLS PG,2nd Cross, Kaggadsapura Main Road,CV Raman Nagar,Bangalore - 93',0,0,0,0,0,0,49.49,0,989.63,9,0,'TRCK123','2019-06-12 05:30:00','2019-06-12 05:30:00',NULL,1,7,1,53,'http://localhost:8080/JeevaData/VH/VH_INV_2018_2019_15.pdf',''),(45,'VH/INV/2018-2019/16','2019-06-13 17:43:00','Address of the clinic will be passed',2,'Banglore',0,0,0,0,0,0,10.73,0,214.51,2,0,'TRCK123','2019-06-13 05:30:00','2019-06-13 05:30:00',NULL,1,8,1,53,'http://localhost:8080/JeevaData/VH/VH_INV_2018_2019_16.pdf',''),(46,'VH/INV/2018-2019/17','2019-06-13 23:35:00','Address of the clinic will be passed',2,'Banglore',0,0,0,0,0,0,10.73,0,214.51,2,0,'TRCK123','2019-06-13 05:30:00','2019-06-13 05:30:00',NULL,1,8,1,53,'http://localhost:8080/JeevaData/VH/VH_INV_2018_2019_17.pdf',''),(47,'VH/INV/2018-2019/18','2019-06-18 22:39:00','Address of the clinic will be passed',1,'VLS PG,2nd Cross, Kaggadsapura Main Road,CV Raman Nagar,Bangalore - 93',0,0,0,0,0,0,49.23,0,984.77,10,0,'TRCK123','2019-06-18 05:30:00','2019-06-18 05:30:00',NULL,1,17,1,53,'http://localhost:8080/JeevaData/VH/VH_INV_2018_2019_18.pdf',''),(48,'VH/INV/2018-2019/19','2019-06-19 20:31:00','Address of the clinic will be passed',2,'Banglore',0,0,0,0,0,0,38.03,0,760.5,23,0,'TRCK123','2019-06-19 05:30:00','2019-06-19 05:30:00',NULL,1,18,1,53,'http://localhost:8080/JeevaData/VH/VH_INV_2018_2019_19.pdf',''),(50,'VH/INV/2018-2019/21','2019-06-29 22:38:00','',1,'VLS PG,2nd Cross, Kaggadsapura Main Road,CV Raman Nagar,Bangalore - 93',0,0,0,0,0,0,16.09,0,321.75,3,0,'','2019-06-29 05:30:00','2019-06-29 05:30:00',NULL,1,25,1,53,'http://localhost:8080/JeevaData/VH/VH_INV_2018_2019_21.pdf','');

/*Table structure for table `commercial_invoice_details` */

DROP TABLE IF EXISTS `commercial_invoice_details`;

CREATE TABLE `commercial_invoice_details` (
  `commercial_invoice_details_id` int(11) NOT NULL AUTO_INCREMENT,
  `commercial_invoice_id` int(11) NOT NULL COMMENT 'Unique: Invoice for sale',
  `product_id` int(11) DEFAULT NULL,
  `rate` float DEFAULT NULL COMMENT 'Selling Rate after negotiation with customer',
  `quantity` float DEFAULT NULL COMMENT 'Quantity of purchase in kgs',
  `discount` float DEFAULT NULL COMMENT 'Total Discount for this product',
  `tax_percent` float DEFAULT NULL COMMENT '% of product base cost: Kept separate so that the tax rates can be separated out',
  `tax_amount` float DEFAULT NULL COMMENT 'Total tax amount = ( Quantity X Rate - Discount ) X Tax percent',
  `amount` float DEFAULT NULL COMMENT '( Quantity X Rate - Discount ) * ( 1 + tax Percent )',
  `batch_number` varchar(64) DEFAULT NULL COMMENT 'Batch to which this medicine belongs to',
  `prescription_details_details_id` int(11) DEFAULT NULL COMMENT 'Check how to actually make use of this field',
  `extra_data` text COMMENT 'Any data that is not mentioned above and needs to be stored in this table. later we can keep a separate placeholder for it',
  PRIMARY KEY (`commercial_invoice_details_id`)
) ENGINE=InnoDB AUTO_INCREMENT=128 DEFAULT CHARSET=latin1;

/*Data for the table `commercial_invoice_details` */

insert  into `commercial_invoice_details`(`commercial_invoice_details_id`,`commercial_invoice_id`,`product_id`,`rate`,`quantity`,`discount`,`tax_percent`,`tax_amount`,`amount`,`batch_number`,`prescription_details_details_id`,`extra_data`) values (60,32,69,169,2,2.5,5,16.48,329.55,'NOT SET',12,''),(61,32,123,223,3,2.5,5,32.61,652.28,'NOT SET',13,''),(62,32,140,240,2,2.5,5,23.4,468,'NOT SET',14,''),(63,32,80,180,1,2.5,5,8.78,175.5,'NOT SET',15,''),(94,41,13,113,1,2.5,5,5.51,110.18,'F92BSC1',0,''),(100,43,163,130,2,2.5,5,12.68,253.5,'18B0960I',49,''),(101,43,156,85,2,2.5,5,8.29,165.75,'18B0783I',48,''),(102,43,161,105,3,2.5,5,15.36,307.13,'18B0719I',47,''),(103,43,160,135,1,2.5,5,6.58,131.63,'18B1066I',50,''),(104,43,160,135,1,2.5,5,6.58,131.63,'18B0992I',50,''),(105,44,156,85,2,2.5,5,8.29,165.75,'18B0783I',48,''),(106,44,161,105,3,2.5,5,15.36,307.13,'18B0719I',47,''),(107,44,160,135,2,2.5,5,13.16,263.25,'18B0992I',50,''),(108,44,163,130,2,2.5,5,12.68,253.5,'18B0960I',49,''),(109,45,161,105,1,2.5,5,5.12,102.38,'18B0719I',57,''),(110,45,159,115,1,2.5,5,5.61,112.13,'18C1396I',56,''),(111,46,159,115,1,2.5,5,5.61,112.13,'18C1396I',56,''),(112,46,161,105,1,2.5,5,5.12,102.38,'18B0719I',57,''),(113,47,170,115,2,2.5,5,11.21,224.25,'18A4214I',102,''),(114,47,173,125,1,2.5,5,6.09,121.88,'18A2637I',100,''),(115,47,173,125,1,2.5,5,6.09,121.88,'18A2637I',100,''),(116,47,184,55,3,2.5,5,8.04,160.88,'18A3870I',99,''),(117,47,167,155,1,2.5,5,7.56,151.13,'18B0961I',98,''),(118,47,161,105,2,2.5,5,10.24,204.75,'18B0719I',101,''),(119,48,188,25,18,2.5,5,21.94,438.75,'18C1038I',103,''),(120,48,162,130,1,2.5,5,6.34,126.75,'18B1037I',105,''),(121,48,183,50,4,2.5,5,9.75,195,'18A3694I',104,''),(126,49,171,90,1,2.5,5,4.39,87.75,'18B0549I',133,''),(127,49,185,120,2,2.5,5,11.7,234,'18A3260I',134,'');

/*Table structure for table `country` */

DROP TABLE IF EXISTS `country`;

CREATE TABLE `country` (
  `country_id` smallint(6) NOT NULL AUTO_INCREMENT,
  `country` varchar(64) CHARACTER SET latin1 DEFAULT NULL,
  `country_code` varchar(16) CHARACTER SET latin1 DEFAULT NULL COMMENT 'Telco Code',
  `no_of_digits` int(11) DEFAULT NULL COMMENT 'No of digits allowed for the mobile nos for this country',
  PRIMARY KEY (`country_id`),
  KEY `country_id` (`country_id`)
) ENGINE=InnoDB AUTO_INCREMENT=2 DEFAULT CHARSET=utf8;

/*Data for the table `country` */

insert  into `country`(`country_id`,`country`,`country_code`,`no_of_digits`) values (1,'India','+91',10);

/*Table structure for table `index_html` */

DROP TABLE IF EXISTS `index_html`;

CREATE TABLE `index_html` (
  `index_html_id` int(11) NOT NULL AUTO_INCREMENT,
  `database_name` varchar(128) DEFAULT NULL,
  `form_name` varchar(128) DEFAULT NULL COMMENT 'name of the form',
  `buttons` text COMMENT 'All the button code for this invoking this form',
  `description` tinytext,
  `number_of_columns` int(11) DEFAULT NULL COMMENT 'Number of columns used in this table',
  `html_code` text COMMENT 'actual code',
  `active_lookup_id` int(11) DEFAULT NULL,
  PRIMARY KEY (`index_html_id`)
) ENGINE=InnoDB AUTO_INCREMENT=4 DEFAULT CHARSET=latin1;

/*Data for the table `index_html` */

insert  into `index_html`(`index_html_id`,`database_name`,`form_name`,`buttons`,`description`,`number_of_columns`,`html_code`,`active_lookup_id`) values (1,NULL,'edit_alert_point_form',NULL,NULL,0,'<div class=\"modal fade\" id=\"edit_alert_point_form\" tabindex=\"-1\" role=\"dialog\">\n		<!-- notice the class \"modal-lg\"; based on the number of fields it can be \"modal-sm\", \"modal-lg\" or \"modal-xl\" (or nothing for default size of 500px) -->\n		<div class=\"modal-dialog modal-dialog-scrollable modal-dialog-centered modal-sm\" role=\"document\">\n			<div class=\"modal-content\">\n				<div class=\"modal-header\">\n					<!-- the h5 has the id to set the heading of the modal, ex: edit_address_form_title -->\n					<h5 class=\"modal-title lead\" id=\"Alert Point\">Alert Point</h5>\n					<button type=\"button\" class=\"close\" data-dismiss=\"modal\" aria-label=\"Close\">\n						<span aria-hidden=\"true\">×</span>\n					</button>\n				</div>\n				<div class=\"modal-body\">\n					<!-- change to \"container-fluid\" here -->\n					<div class=\"container-fluid\">\n						<!-- the code row col structure starts here -->\n						<div class=\"row\">\n\n\n\n							<div class=\"col\">\n\n\n								<div class=\"form-group\">\n									<label>Alert Point Id</label>\n									<input type=\"number\" name=\"alert_point_id\" value=\"\" placeholder=\"\" maxlength=\"10\" class=\"form-control form-control-sm font-weight-bold\" readonly=\"\">\n								</div>\n\n\n								<div class=\"form-group\">\n									<label>Route</label>\n									<select name=\"route_id\" class=\"form-control form-control-sm font-weight-bold\">\n										<option selected=\"\" value=\"1\">Select Route</option>\n									</select>\n								</div>\n\n\n								<div class=\"form-group\">\n									<label>Stop</label>\n									<select name=\"stop_id\" class=\"form-control form-control-sm font-weight-bold\">\n										<option selected=\"\" value=\"1\">Select Stop</option>\n									</select>\n								</div>\n\n\n								<div class=\"form-group\">\n									<label>Alert Point Name</label>\n									<input type=\"text\" name=\"alert_point_name\" value=\"\" placeholder=\"\" maxlength=\"128\" class=\"form-control form-control-sm font-weight-bold\">\n								</div>\n\n\n								<div class=\"form-group\">\n									<label>Alert Mins Before Reaching Stop</label>\n									<input type=\"number\" name=\"alert_mins_before_reaching_stop\" value=\"\" placeholder=\"\" maxlength=\"5\" class=\"form-control form-control-sm font-weight-bold\">\n								</div>\n\n\n								<div class=\"form-group\">\n									<label>Latitude</label>\n									<div class=\"input-group\">\n										<input type=\"number\" name=\"latitude\" class=\"form-control form-control-sm font-weight-bold\">\n										<div class=\"input-group-append\">\n											<button class=\"btn btn-sm btn-outline-secondary lat-long\"><i class=\"fas fa-map-marker-alt\"></i></button>\n										</div>\n									</div>\n								</div>\n\n								<div class=\"form-group\">\n									<label>Longitude</label>\n									<div class=\"input-group\">\n										<input type=\"number\" name=\"longitude\" class=\"form-control form-control-sm font-weight-bold\">\n										<div class=\"input-group-append\">\n											<button class=\"btn btn-sm btn-outline-secondary lat-long\"><i class=\"fas fa-map-marker-alt\"></i></button>\n										</div>\n									</div>\n								</div>\n\n								<div class=\"form-group\">\n									<label>Bearing</label>\n									<input type=\"number\" name=\"bearing\" value=\"\" placeholder=\"\" maxlength=\"5\" class=\"form-control form-control-sm font-weight-bold\">\n								</div>\n\n\n								<div class=\"form-group\">\n									<label>Direction</label>\n									<select name=\"direction_lookup_id\" class=\"form-control form-control-sm font-weight-bold\">\n										<option selected=\"\" value=\"1\">Select Direction</option>\n									</select>\n								</div>\n\n\n								<div class=\"form-group\">\n									<label>On Visit Number</label>\n									<input type=\"number\" name=\"on_visit_number\" value=\"\" placeholder=\"\" maxlength=\"3\" class=\"form-control form-control-sm font-weight-bold\">\n								</div>\n\n\n								<div class=\"form-group\">\n									<label>Eta From Start</label>\n									<input type=\"number\" name=\"eta_from_start\" value=\"\" placeholder=\"\" maxlength=\"10\" class=\"form-control form-control-sm font-weight-bold\">\n								</div>\n\n\n								<div class=\"form-group\">\n									<label>Start To Stop Dist</label>\n									<input type=\"number\" name=\"start_to_stop_dist\" value=\"\" placeholder=\"\" maxlength=\"10\" class=\"form-control form-control-sm font-weight-bold\" readonly=\"\">\n								</div>\n\n\n								<div class=\"form-group\">\n									<label>Norm Map Point Idx</label>\n									<input type=\"number\" name=\"norm_map_point_idx\" value=\"\" placeholder=\"\" maxlength=\"10\" class=\"form-control form-control-sm font-weight-bold\" readonly=\"\">\n								</div>\n\n\n								<div class=\"form-group\">\n									<label>Status</label>\n									<select name=\"status_lookup_id\" class=\"form-control form-control-sm font-weight-bold\" disabled=\"true\">\n										<option selected=\"\" value=\"1\">Select Status</option>\n									</select>\n								</div>\n\n\n							</div>\n\n						</div>\n					</div>\n					<div class=\"modal-footer\">\n						<button type=\"button\" class=\"btn btn-sm btn-success save-btn\">Save</button>\n						<button type=\"button\" class=\"btn btn-sm btn-danger close-btn\" data-dismiss=\"modal\">Close</button>\n					</div>\n				</div>\n			</div>\n		</div>\n	</div>',0),(2,NULL,'edit_device_model_form',NULL,NULL,0,'<div class=\"modal fade\" id=\"edit_device_model_form\" tabindex=\"-1\" role=\"dialog\">\n		<!-- notice the class \"modal-lg\"; based on the number of fields it can be \"modal-sm\", \"modal-lg\" or \"modal-xl\" (or nothing for default size of 500px) -->\n		<div class=\"modal-dialog modal-dialog-scrollable modal-dialog-centered modal-sm\" role=\"document\">\n			<div class=\"modal-content\">\n				<div class=\"modal-header\">\n					<!-- the h5 has the id to set the heading of the modal, ex: edit_address_form_title -->\n					<h5 class=\"modal-title lead\" id=\"Device Model\">Device Model</h5>\n					<button type=\"button\" class=\"close\" data-dismiss=\"modal\" aria-label=\"Close\">\n						<span aria-hidden=\"true\">×</span>\n					</button>\n				</div>\n				<div class=\"modal-body\">\n					<!-- change to \"container-fluid\" here -->\n					<div class=\"container-fluid\">\n						<!-- the code row col structure starts here -->\n						<div class=\"row\">\n\n\n\n							<div class=\"col\">\n\n\n								<div class=\"form-group\">\n									<label>Device Model Id</label>\n									<input type=\"number\" name=\"device_model_id\" value=\"\" placeholder=\"\" maxlength=\"10\" class=\"form-control form-control-sm font-weight-bold\" readonly=\"\">\n								</div>\n\n\n								<div class=\"form-group\">\n									<label>Vendor</label>\n									<select name=\"vendor_id\" class=\"form-control form-control-sm font-weight-bold\">\n										<option selected=\"\" value=\"1\">Select Vendor</option>\n									</select>\n								</div>\n\n\n								<div class=\"form-group\">\n									<label>Device Model Name</label>\n									<input type=\"text\" name=\"device_model_name\" value=\"\" placeholder=\"\" maxlength=\"64\" class=\"form-control form-control-sm font-weight-bold\">\n								</div>\n\n\n								<div class=\"form-group\">\n									<label>Config Data</label>\n									<textarea name=\"config_data\" class=\"form-control form-control-sm font-weight-bold enableTextEditor\"></textarea>\n								</div>\n\n\n								<div class=\"form-group\">\n									<label>Port Number</label>\n									<input type=\"number\" name=\"port_number\" value=\"\" placeholder=\"\" maxlength=\"10\" class=\"form-control form-control-sm font-weight-bold\">\n								</div>\n\n\n								<div class=\"form-group\">\n									<label>Protocol</label>\n									<select name=\"protocol_lookup_id\" class=\"form-control form-control-sm font-weight-bold\">\n										<option selected=\"\" value=\"1\">Select Protocol</option>\n									</select>\n								</div>\n\n\n								<div class=\"form-group\">\n									<label>Active</label>\n									<select name=\"active_lookup_id\" class=\"form-control form-control-sm font-weight-bold\">\n										<option selected=\"\" value=\"1\">Select Active</option>\n									</select>\n								</div>\n\n\n							</div>\n\n						</div>\n					</div>\n					<div class=\"modal-footer\">\n						<button type=\"button\" class=\"btn btn-sm btn-success save-btn\">Save</button>\n						<button type=\"button\" class=\"btn btn-sm btn-danger close-btn\" data-dismiss=\"modal\">Close</button>\n					</div>\n				</div>\n			</div>\n		</div>\n	</div>',0),(3,NULL,'edit_category_form',NULL,NULL,0,'<div class=\"modal fade\" id=\"edit_category_form\" tabindex=\"-1\" role=\"dialog\">\n		<!-- notice the class \"modal-lg\"; based on the number of fields it can be \"modal-sm\", \"modal-lg\" or \"modal-xl\" (or nothing for default size of 500px) -->\n		<div class=\"modal-dialog modal-dialog-scrollable modal-dialog-centered modal-sm\" role=\"document\">\n			<div class=\"modal-content\">\n				<div class=\"modal-header\">\n					<!-- the h5 has the id to set the heading of the modal, ex: edit_address_form_title -->\n					<h5 class=\"modal-title lead\" id=\"Category\">Category</h5>\n					<button type=\"button\" class=\"close\" data-dismiss=\"modal\" aria-label=\"Close\">\n						<span aria-hidden=\"true\">×</span>\n					</button>\n				</div>\n				<div class=\"modal-body\">\n					<!-- change to \"container-fluid\" here -->\n					<div class=\"container-fluid\">\n						<!-- the code row col structure starts here -->\n						<div class=\"row\">\n\n\n\n							<div class=\"col\">\n\n\n								<div class=\"form-group\">\n									<label>Category Id</label>\n									<input type=\"number\" name=\"category_id\" value=\"\" placeholder=\"\" maxlength=\"10\" class=\"form-control form-control-sm font-weight-bold\" readonly=\"\">\n								</div>\n\n\n								<div class=\"form-group\">\n									<label>Category Name</label>\n									<input type=\"text\" name=\"category_name\" value=\"\" placeholder=\"\" maxlength=\"16\" class=\"form-control form-control-sm font-weight-bold\">\n								</div>\n\n\n								<div class=\"form-group\">\n									<label>Days Of Week</label>\n									<div class=\"input-group\">\n										<input type=\"number\" name=\"days_of_week\" class=\"form-control form-control-sm font-weight-bold\">\n										<div class=\"input-group-append\">\n											<button id=\"set_days_of_week_features\" class=\"btn btn-sm btn-outline-secondary\"><i class=\"fas fa-tasks\"></i></button>\n										</div>\n									</div>\n								</div>\n\n								<div class=\"form-group\">\n									<label>Class Start Time</label>\n									<input type=\"number\" name=\"class_start_time\" value=\"\" placeholder=\"\" maxlength=\"5\" class=\"form-control form-control-sm font-weight-bold\">\n								</div>\n\n\n								<div class=\"form-group\">\n									<label>Class End Time</label>\n									<input type=\"number\" name=\"class_end_time\" value=\"\" placeholder=\"\" maxlength=\"5\" class=\"form-control form-control-sm font-weight-bold\">\n								</div>\n\n\n								<div class=\"form-group\">\n									<label>Promotion Category</label>\n									<select name=\"promotion_category_id\" class=\"form-control form-control-sm font-weight-bold\">\n										<option selected=\"\" value=\"1\">Select Promotion Category</option>\n									</select>\n								</div>\n\n\n								<div class=\"form-group\">\n									<label>Number Of Sections</label>\n									<input type=\"number\" name=\"number_of_sections\" value=\"\" placeholder=\"\" maxlength=\"3\" class=\"form-control form-control-sm font-weight-bold\">\n								</div>\n\n\n								<div class=\"form-group\">\n									<label>Average Age</label>\n									<input type=\"number\" name=\"average_age\" value=\"\" placeholder=\"\" maxlength=\"3\" class=\"form-control form-control-sm font-weight-bold\">\n								</div>\n\n\n								<div class=\"form-group d-none\">\n									<div class=\"form-group\">\n										<label>Organization</label>\n										<select name=\"organization_id\" class=\"form-control form-control-sm font-weight-bold\">\n											<option selected=\"\" value=\"1\">Select Organization</option>\n										</select>\n									</div>\n\n								</div>\n							</div>\n\n						</div>\n					</div>\n					<div class=\"modal-footer\">\n						<button type=\"button\" class=\"btn btn-sm btn-success save-btn\">Save</button>\n						<button type=\"button\" class=\"btn btn-sm btn-danger close-btn\" data-dismiss=\"modal\">Close</button>\n					</div>\n				</div>\n			</div>\n		</div>\n	</div>',0);

/*Table structure for table `lookup` */

DROP TABLE IF EXISTS `lookup`;

CREATE TABLE `lookup` (
  `lookup_id` int(11) NOT NULL AUTO_INCREMENT COMMENT 'Unique Id for the lookup',
  `lookup_group_id` int(11) DEFAULT NULL COMMENT 'Group Id: Group to which this lookup belongs e.g. Division, Gender, Type of Employment',
  `table_name` varchar(128) DEFAULT NULL COMMENT 'For a table name will be the same. ',
  `lookup_name` varchar(256) NOT NULL COMMENT 'A name for the lookup value.',
  `lookup_value` int(11) NOT NULL COMMENT 'An integer value for lookup',
  `organization_id` int(11) DEFAULT NULL COMMENT 'HIDDEN',
  PRIMARY KEY (`lookup_id`)
) ENGINE=InnoDB AUTO_INCREMENT=27 DEFAULT CHARSET=latin1;

/*Data for the table `lookup` */

insert  into `lookup`(`lookup_id`,`lookup_group_id`,`table_name`,`lookup_name`,`lookup_value`,`organization_id`) values (1,1,'Gender','Male',1,NULL),(2,1,'Gender','Female',2,NULL),(3,2,'Account Type','Savings',1,NULL),(4,2,'Account Type','Current',2,NULL),(5,3,'Payment Type','Incentive Payment',1,NULL),(6,3,'Payment Type','Other payment',2,NULL),(7,4,'Discount Type','Festival',1,NULL),(8,4,'Discount Type','General',2,NULL),(9,5,'Payment Mode','DD',1,NULL),(10,5,'Payment Mode','Cheque',2,NULL),(11,5,'Payment Mode','NEFT',3,NULL),(12,5,'Payment Mode','RTGS',4,NULL),(13,5,'Payment Mode','Cash',5,NULL),(14,7,'Product Unit','gm',1,NULL),(15,7,'Product Unit','ml',2,NULL),(16,7,'Product Unit','Nos',3,NULL),(17,8,'Active State','Inactive',0,NULL),(18,8,'Active State','Active',1,NULL),(19,9,'Charges','Admin Charges',5,NULL),(20,9,'Charges','TDS with PAN',10,NULL),(21,9,'Charges','TDS without PAN',20,NULL),(22,14,'Maritial Status','Married',1,NULL),(23,14,'Maritial Status','Unmarried',2,NULL),(24,14,'Maritial Status','Widowed',3,NULL),(25,14,'Maritial Status','Separated',4,NULL),(26,14,'Maritial Status','Divorced',5,NULL);

/*Table structure for table `organization` */

DROP TABLE IF EXISTS `organization`;

CREATE TABLE `organization` (
  `organization_id` int(11) NOT NULL AUTO_INCREMENT,
  `organization_name` varchar(64) DEFAULT NULL COMMENT 'Name of the organization',
  `short_name` varchar(8) DEFAULT NULL COMMENT 'Short Name of the organization used in invoice numbers etc e.g. TE or RE',
  `registered_address` tinytext COMMENT 'Registered Address',
  `business_address` tinytext COMMENT 'Business Address incase it is different from Registered Address',
  `city_id` int(11) DEFAULT NULL COMMENT 'City in which this organization has been registered or is functioning from',
  `state_id` int(11) DEFAULT NULL,
  `country_id` int(11) DEFAULT NULL COMMENT 'Country in which this organization has been registered or is functioning from',
  `email` varchar(128) DEFAULT NULL COMMENT 'Company Email',
  `website` varchar(128) DEFAULT NULL,
  `landline_number` varchar(24) DEFAULT NULL,
  `fax_number` varchar(24) DEFAULT NULL,
  `contact_person_name` varchar(128) DEFAULT NULL COMMENT 'Main contact person of the organization',
  `contact_person_mobile_number` varchar(24) DEFAULT NULL COMMENT 'Mobile No',
  `contact_person_whatsApp_no` varchar(24) DEFAULT NULL COMMENT 'WhatsApp No',
  `contact_person_email` varchar(128) DEFAULT NULL,
  `pan` varchar(16) DEFAULT NULL COMMENT 'pan number of the Organization',
  `cin` varchar(32) DEFAULT NULL COMMENT 'Company CIN ',
  `tin` varchar(32) DEFAULT NULL COMMENT 'Company TIN',
  `tan` varchar(32) DEFAULT NULL COMMENT 'Company TAN',
  `gstin` varchar(32) DEFAULT NULL COMMENT 'Company GST Number',
  `company_registration_no` varchar(32) DEFAULT NULL COMMENT 'Company Reg No',
  `logo_path` text COMMENT 'filename with Path of the file containing the logo',
  `documents_path` text COMMENT 'List of paths of the documents scanned and stored',
  `type_of_business` int(11) DEFAULT NULL COMMENT 'Bit field: export, manufacturing, trading',
  `remarks` text COMMENT 'Any other data that is not stored above',
  PRIMARY KEY (`organization_id`)
) ENGINE=InnoDB AUTO_INCREMENT=2 DEFAULT CHARSET=latin1;

/*Data for the table `organization` */

insert  into `organization`(`organization_id`,`organization_name`,`short_name`,`registered_address`,`business_address`,`city_id`,`state_id`,`country_id`,`email`,`website`,`landline_number`,`fax_number`,`contact_person_name`,`contact_person_mobile_number`,`contact_person_whatsApp_no`,`contact_person_email`,`pan`,`cin`,`tin`,`tan`,`gstin`,`company_registration_no`,`logo_path`,`documents_path`,`type_of_business`,`remarks`) values (1,'TechnoMedia','TMSS','1/430, Gariahat road, Kolkata - 700 068','Edakode, Panayur P.O Vaniamkulam, Orrappalam,\nPalakkad Dist, Kerala, India, Pin: 679522',1,NULL,1,'mrinmoy@teximcoenterprise.com','','03324634164','03324634100','Dr. Salih C. Shah','906131355','9831639843','mrinmoy@teximcoenterprise.com','AAACH7063F','U24220GJ1991PTC016598','179431977769','89BHY98929','U24234IKJ63IJIC098345','CR 980123091231223','jeeva_logo.jpg','',0,'');

/*Table structure for table `organization_parameters` */

DROP TABLE IF EXISTS `organization_parameters`;

CREATE TABLE `organization_parameters` (
  `organization_parameters_id` int(11) NOT NULL AUTO_INCREMENT,
  `organization_id` int(11) DEFAULT NULL,
  `accounting_year` varchar(16) DEFAULT NULL COMMENT 'Accounting year that will be printed in all the documents e.g 18-19',
  `last_prescription_number` int(11) DEFAULT NULL COMMENT 'Last Prescription no that has been generated',
  `last_invoice_number` int(11) DEFAULT NULL COMMENT 'Last Invoice no that has been generated',
  `last_purchase_order_number` int(11) DEFAULT NULL,
  `last_grn_number` int(11) DEFAULT NULL,
  `invoice_prefix` varchar(24) DEFAULT NULL COMMENT 'e.g. INV',
  `purchase_order_prefix` varchar(24) DEFAULT NULL COMMENT 'e.g. PO',
  `grn_prefix` varchar(24) DEFAULT NULL COMMENT 'Goods Received Note prefix',
  `extra_data` text COMMENT 'Any data that is not mentioned above and needs to be stored in this table. later we can keep a separate placeholder for it',
  `remarks` text COMMENT 'Any other data that is not stored above',
  PRIMARY KEY (`organization_parameters_id`)
) ENGINE=InnoDB AUTO_INCREMENT=2 DEFAULT CHARSET=latin1;

/*Data for the table `organization_parameters` */

insert  into `organization_parameters`(`organization_parameters_id`,`organization_id`,`accounting_year`,`last_prescription_number`,`last_invoice_number`,`last_purchase_order_number`,`last_grn_number`,`invoice_prefix`,`purchase_order_prefix`,`grn_prefix`,`extra_data`,`remarks`) values (1,1,'2018-2019',7,13,0,1,'INV','PO','GRN','','');

/*Table structure for table `organization_sys_user_map` */

DROP TABLE IF EXISTS `organization_sys_user_map`;

CREATE TABLE `organization_sys_user_map` (
  `sys_user_id` smallint(6) NOT NULL,
  `organization_id` int(11) NOT NULL COMMENT 'Incase entity applies for all, this field will be -1'
) ENGINE=InnoDB DEFAULT CHARSET=latin1;

/*Data for the table `organization_sys_user_map` */

insert  into `organization_sys_user_map`(`sys_user_id`,`organization_id`) values (1,1),(2,1),(2,2),(1,2),(4,1),(4,2),(4,1),(4,2),(4,1),(4,2),(4,1),(4,2),(5,1);

/*Table structure for table `role` */

DROP TABLE IF EXISTS `role`;

CREATE TABLE `role` (
  `role_id` smallint(6) NOT NULL AUTO_INCREMENT,
  `organization_id` int(11) DEFAULT NULL,
  `name` varchar(64) DEFAULT NULL COMMENT 'Role of the Role:',
  `role_web_app_ui_feature` text COMMENT 'id1',
  `role_mobile_app_ui_feature` text COMMENT 'id2',
  `role_report_feature` text COMMENT 'id3',
  `role_menu` text COMMENT 'Menu item for this role',
  `role_script` text COMMENT 'Any role dependent script that we want to execute',
  `remarks` text,
  PRIMARY KEY (`role_id`)
) ENGINE=InnoDB AUTO_INCREMENT=4 DEFAULT CHARSET=latin1;

/*Data for the table `role` */

insert  into `role`(`role_id`,`organization_id`,`name`,`role_web_app_ui_feature`,`role_mobile_app_ui_feature`,`role_report_feature`,`role_menu`,`role_script`,`remarks`) values (1,1,'Admin','111111111111111111111111111111111111111111111111111111111111111111111111111111111111111111111111111111111',NULL,NULL,'{\r\n	\"MAIN_MENU\": [\r\n		{\"rel\": \"CityDetails\", \"title\": \"City\", \"view\": \"READ_CITY\" },\r\n		{\"rel\": \"CommercialInvoiceDetails\", \"title\": \"Commercial Invoice\", \"view\": \"READ_COMMERCIAL_INVOICE\" },\r\n		{\"rel\": \"CountryDetails\", \"title\": \"Country\", \"view\": \"READ_COUNTRY\" },\r\n		{\"rel\": \"OrganizationDetails\", \"title\": \"Organization\", \"view\": \"READ_ORGANIZATION\" },\r\n		{\"rel\": \"OrganizationParametersDetails\", \"title\": \"Organization Parameters\", \"view\": \"READ_ORGANIZATION_PARAMETERS\" },\r\n		{\"rel\": \"OrganizationSysUserMapDetails\", \"title\": \"Sys User Map\", \"view\": \"READ_ORGANIZATION_SYS_USER_MAP\" },\r\n		{\"rel\": \"RoleDetails\", \"title\": \"Role\", \"view\": \"READ_ROLE\" },\r\n		{\"rel\": \"StateDetails\", \"title\": \"State\", \"view\": \"READ_STATE\" },\r\n		{\"rel\": \"SysUserDetails\", \"title\": \"Sys User\", \"view\": \"READ_SYS_USER\" },\r\n		{\"rel\": \"TestPlatformTableDetails\", \"title\": \"Test Platform Table\", \"view\": \"READ_TEST_PLATFORM_TABLE\" }\r\n	]\r\n}\r\n',NULL,NULL),(2,1,'Teximco','ASDADA','DRDGEERE','EFWEF','TGRGRT','REGRG',''),(3,1,'Normal User','11','11','','','','');

/*Table structure for table `state` */

DROP TABLE IF EXISTS `state`;

CREATE TABLE `state` (
  `state_id` int(11) NOT NULL AUTO_INCREMENT,
  `country_id` int(11) DEFAULT NULL,
  `name` varchar(128) DEFAULT NULL COMMENT 'Name of State',
  PRIMARY KEY (`state_id`)
) ENGINE=InnoDB AUTO_INCREMENT=2 DEFAULT CHARSET=latin1;

/*Data for the table `state` */

insert  into `state`(`state_id`,`country_id`,`name`) values (1,1,'Karnataka');

/*Table structure for table `sys_user` */

DROP TABLE IF EXISTS `sys_user`;

CREATE TABLE `sys_user` (
  `sys_user_id` smallint(6) NOT NULL AUTO_INCREMENT,
  `role_id` smallint(6) DEFAULT NULL,
  `name` varchar(96) DEFAULT NULL COMMENT 'Name of the User',
  `mobile_number` varchar(16) DEFAULT NULL,
  `mobile_number_2` varchar(16) DEFAULT NULL,
  `email` varchar(96) DEFAULT NULL,
  `address` text COMMENT 'Address',
  `city_id` int(11) DEFAULT NULL,
  `state_id` int(11) DEFAULT NULL,
  `country_id` int(11) DEFAULT NULL,
  `latitude` float DEFAULT NULL,
  `longitude` float DEFAULT NULL,
  `last_login_date` datetime DEFAULT NULL COMMENT 'READONLY',
  `properties` int(11) DEFAULT NULL COMMENT 'Bit Field: state of the System Entity: whether it is a person, police station, hospital, Service center',
  `active_lookup_id` int(11) DEFAULT NULL COMMENT '1=Active, 0=Inactive',
  `supervisor_sys_user_id` int(11) DEFAULT NULL COMMENT 'Supervisor of the current sysUser',
  `password` varchar(64) DEFAULT NULL,
  `salt` varchar(64) DEFAULT NULL COMMENT 'HIDDENsalt string for password encryption',
  `extra_data` text COMMENT 'HIDDEN',
  PRIMARY KEY (`sys_user_id`)
) ENGINE=InnoDB AUTO_INCREMENT=6 DEFAULT CHARSET=latin1;

/*Data for the table `sys_user` */

insert  into `sys_user`(`sys_user_id`,`role_id`,`name`,`mobile_number`,`mobile_number_2`,`email`,`address`,`city_id`,`state_id`,`country_id`,`latitude`,`longitude`,`last_login_date`,`properties`,`active_lookup_id`,`supervisor_sys_user_id`,`password`,`salt`,`extra_data`) values (1,1,'Joydeep RC','+919035230847',NULL,'joydeep@gmail.com','GM Palya',1,0,1,0,0,'2019-09-14 13:16:10',0,1,0,'4plAILUcNFxtJDmDZz1a2YCb+/0=','ujmSbYcy6GI=',NULL),(2,1,'Dr. Salih C. Shah','+919847312555',NULL,'salihcm@gmail.com','Chitradurga',1,NULL,1,0,0,'2019-02-07 23:03:16',0,1,NULL,'4plAILUcNFxtJDmDZz1a2YCb+/0=','ujmSbYcy6GI=',NULL),(3,1,'Bhanu Prakash',NULL,NULL,'agribhanu@gmail.com','Chitradurga',1,NULL,1,0,0,'2014-11-21 18:57:04',0,1,NULL,'4plAILUcNFxtJDmDZz1a2YCb+/0=','ujmSbYcy6GI=',NULL),(4,1,'Rana RC','+919066841397',NULL,'admin@teximco.com','Kolkata',1,NULL,1,0,0,'2019-01-20 08:18:40',0,1,NULL,'ODpnTjQfl++7Z/Kig/lWSCqhPUw=','tR0pReytQnY=',NULL),(5,1,'Developer','1234567890','','developer@gmail.com','',2,1,1,0,0,'2019-07-30 10:28:22',0,53,NULL,'/CQ9OurGm+TIMGz4egN9eHIcoaI=','FP8rBrU8syQ=',NULL);

/*Table structure for table `test_platform_table` */

DROP TABLE IF EXISTS `test_platform_table`;

CREATE TABLE `test_platform_table` (
  `test_platform_id` int(11) NOT NULL AUTO_INCREMENT,
  `city_id` int(11) DEFAULT NULL COMMENT 'Foreign key',
  `my_tiny_text` tinytext,
  `my_text` text,
  `sys_user_id` int(11) DEFAULT NULL COMMENT 'READONLY',
  `readonly_text` tinytext COMMENT 'READONLY',
  `bit_field` int(11) DEFAULT NULL COMMENT 'BITFIELD',
  `only_date` date DEFAULT NULL,
  `both_datetime` datetime DEFAULT NULL,
  `small_number` tinyint(4) DEFAULT NULL,
  `organization_id` int(11) DEFAULT NULL COMMENT 'HIDDEN',
  PRIMARY KEY (`test_platform_id`)
) ENGINE=InnoDB DEFAULT CHARSET=latin1;

/*Data for the table `test_platform_table` */

/*!40101 SET SQL_MODE=@OLD_SQL_MODE */;
/*!40014 SET FOREIGN_KEY_CHECKS=@OLD_FOREIGN_KEY_CHECKS */;
/*!40014 SET UNIQUE_CHECKS=@OLD_UNIQUE_CHECKS */;
/*!40111 SET SQL_NOTES=@OLD_SQL_NOTES */;
